image_id,y
1.png,0.11867166558901461
17.png,0.09846212466557813
19.png,0.049459476437833515
21.png,0.10768513271102194
23.png,0.21916981501343802
25.png,0.2125972723396717
27.png,0.1953524372786978
29.png,0.15673519991539248
31.png,0.0587562997645879
33.png,0.045536674087469566
35.png,0.09589531256928203
37.png,0.12360770995144761
39.png,0.1131139571293351
41.png,0.07700379895912794
43.png,0.07051808497225964
45.png,0.07334759371451442
47.png,0.0653155182367295
49.png,0.06367763370493153
51.png,0.10502396479321552
53.png,0.12957007423067435
55.png,0.11164104933548084
57.png,0.09468644421136412
59.png,0.05988210853052147
61.png,0.12451360760831832
63.png,0.1800148077762921
65.png,0.13572509464147353
67.png,0.07981278209726896
69.png,0.08850501050167903
71.png,0.17365299519437424
73.png,0.2017955990517731
75.png,0.11591992732169215
77.png,0.09086200166504242
79.png,0.11521611964954485
81.png,0.08539027424737326
83.png,0.10440282176628542
85.png,0.10867016150121828
87.png,0.0650466262749994
89.png,0.0568215086874751
91.png,0.0418328973093757
93.png,0.04281699392329084
95.png,0.054404364635978884
97.png,0.05207953407050326
99.png,0.07870088452657442
101.png,0.1502876031218647
103.png,0.15162317861512895
105.png,0.12153965121969774
107.png,0.18737421395535334
109.png,0.20142812848804745
111.png,0.1125146874188329
113.png,0.08592592946436488
115.png,0.10921581841755733
117.png,0.10624990614668799
119.png,0.10777268062835356
121.png,0.09500386648974622
123.png,0.05632629894084997
125.png,0.03849729366722129
127.png,0.0909070665393353
129.png,0.11113098991427421
131.png,0.0902048025942961
133.png,0.06734586732808477
135.png,0.09198320545992493
137.png,0.15843903236336587
139.png,0.25737638014140085
141.png,0.25946867710213645
143.png,0.12867475630793562
145.png,0.08637148996841108
147.png,0.100485049554544
149.png,0.15954523545796248
151.png,0.16039686157403574
153.png,0.11690245652893573
155.png,0.12368137169115867
157.png,0.1113393845764568
159.png,0.09414972919913694
161.png,0.12435651507209593
163.png,0.18307948339724164
165.png,0.18314217603452876
167.png,0.1478142509071293
169.png,0.09976046140684891
171.png,0.042892841247863904
173.png,0.033963003071032366
175.png,0.03796444673898562
177.png,0.048393017391571536
179.png,0.06328261853595875
181.png,0.049588684692450015
183.png,0.043666795129401005
185.png,0.03876123274691317
187.png,0.028876977274243723
189.png,0.03683474853946917
191.png,0.04472797056143199
193.png,0.06821677607001432
195.png,0.12547189666728695
197.png,0.17772725447648266
199.png,0.14758540515976976
201.png,0.09477171492205005
203.png,0.08469059630111168
205.png,0.10490794335429966
207.png,0.12823802184603308
209.png,0.17176807904091704
211.png,0.18103075353253953
213.png,0.1630305360686417
215.png,0.1394837427778918
217.png,0.06919027007764837
219.png,0.03133874100826269
221.png,0.0454755453181998
223.png,0.1026349672977373
225.png,0.12507697970682527
227.png,0.07853049515771908
229.png,0.0724474949483674
231.png,0.2105527226409846
233.png,0.23122510203989124
235.png,0.17444440561622968
237.png,0.17903319444289
239.png,0.13986079045809038
241.png,0.1114080412476484
243.png,0.08718212241229822
245.png,0.06342759701708091
247.png,0.07536364958716474
249.png,0.12383706326628074
251.png,0.11773604967641942
253.png,0.15619189314858153
255.png,0.1658912239730889
257.png,0.17616724887690718
259.png,0.2035140392488962
261.png,0.12892278647445057
263.png,0.08105552814411589
265.png,0.10154597791369575
267.png,0.14890650024790172
269.png,0.1343746089629948
271.png,0.12939440885161754
273.png,0.10355478015285524
275.png,0.12341248415573364
277.png,0.188590961769766
279.png,0.13564921769021163
281.png,0.13512069186408718
283.png,0.17930815683748788
285.png,0.14292579745897474
287.png,0.10371510636690197
289.png,0.14243524257303256
291.png,0.17363469959616984
293.png,0.11915194213827558
295.png,0.07160225004103483
297.png,0.04672688573647438
299.png,0.018847952758434393
301.png,0.01620759851408103
303.png,0.04632527144972515
305.png,0.09453148812792045
307.png,0.11144255737709119
309.png,0.08792961600835823
311.png,0.04907174836112624
313.png,0.06644413126388708
315.png,0.11558315241628059
317.png,0.08718014691618799
319.png,0.033715750274365026
321.png,0.012593213180739776
323.png,0.005493402617892958
325.png,0.028775575150705487
327.png,0.09529541511987881
329.png,0.15919922815314674
331.png,0.1686115779034023
333.png,0.11035268046133133
335.png,0.04718622701920538
337.png,0.0516425406769165
339.png,0.05028391592900777
341.png,0.04233243894064032
343.png,0.05841433697767917
345.png,0.12127327072563387
347.png,0.1587236520248738
349.png,0.11465080816209604
351.png,0.09127941227177876
353.png,0.10311191858920819
355.png,0.11080189904263738
357.png,0.14160575754341523
359.png,0.20328566195864492
361.png,0.2201369496262703
363.png,0.16223814146640012
365.png,0.0745900527699858
367.png,0.11034584024098415
369.png,0.1380523281082408
371.png,0.07385873378266543
373.png,0.035512723348454074
375.png,0.034962094650720664
377.png,0.04394798144733079
379.png,0.04200630379231493
381.png,0.08182286634217274
383.png,0.09210401951992038
385.png,0.08708623483685492
387.png,0.11019175395339005
389.png,0.11720247780273112
391.png,0.141973585602276
393.png,0.1263779354481672
395.png,0.11721452912982218
397.png,0.15735992240010338
399.png,0.13139078210492475
401.png,0.07426306171781331
403.png,0.037869030095857036
405.png,0.021645341207657112
407.png,0.028540784539472338
409.png,0.051542380840146285
411.png,0.051196752742119496
413.png,0.032700402870836434
415.png,0.02247929921499971
417.png,0.03145011723704497
419.png,0.07592833111904512
421.png,0.08955397728490315
423.png,0.11755103708441879
425.png,0.11236695789176826
427.png,0.07161687572922505
429.png,0.08571515070109297
431.png,0.08220276430815032
433.png,0.09737874880621684
435.png,0.08520731729207714
437.png,0.09886059096310958
439.png,0.13763392445396852
441.png,0.10333729693277498
443.png,0.061293267860955035
445.png,0.047986654947183516
447.png,0.04917323664161294
449.png,0.06710592558096752
451.png,0.11839408642752601
453.png,0.10222580728167835
455.png,0.07157959812957225
457.png,0.11111202595657167
459.png,0.16387040336273132
461.png,0.19009285476254756
463.png,0.18513971834198406
465.png,0.2011218576590742
467.png,0.16837975702221272
469.png,0.08658361665584997
471.png,0.040695895278382126
473.png,0.0593704335470755
475.png,0.08132252022888126
477.png,0.10161470597077027
479.png,0.13607986511484982
481.png,0.11802967966164547
483.png,0.07989948724894189
485.png,0.08914009518155937
487.png,0.12249642871065099
489.png,0.11464549191211049
491.png,0.1368191774931695
493.png,0.12243830015252512
495.png,0.08074624517722417
497.png,0.08412424865419162
499.png,0.15113969774065575
501.png,0.19364602576036635
503.png,0.12844417024102267
505.png,0.08261156629670476
507.png,0.07216543390071659
509.png,0.05235841827662873
511.png,0.12403827208470002
513.png,0.16908116654618147
515.png,0.08726879276687421
517.png,0.08033097619929087
519.png,0.09093962886306368
521.png,0.0891826956748059
523.png,0.1245135336875614
525.png,0.1053885323226351
527.png,0.07568721191485384
529.png,0.05656624926096748
531.png,0.04432113271775029
533.png,0.05601515058617516
535.png,0.041548953379825455
537.png,0.06092074823483348
539.png,0.08668701454038259
541.png,0.06422037541546696
543.png,0.06840079372021311
545.png,0.07822015292079167
547.png,0.08460601346900365
549.png,0.06804756578789911
551.png,0.048295574389354244
553.png,0.10601834025729225
555.png,0.10850195463911862
557.png,0.06676236933773148
559.png,0.08695922426483822
561.png,0.11121708281206351
563.png,0.14401390197332453
565.png,0.13885493259448392
567.png,0.11588741733239287
569.png,0.1910769985570053
571.png,0.18713274255241086
573.png,0.13165472333578643
575.png,0.10044869990795312
577.png,0.04142418729066667
579.png,0.02976262054691649
581.png,0.022012959070834597
583.png,0.014283912512273567
585.png,0.02501967433678139
587.png,0.0345609122136799
589.png,0.046400671489356865
591.png,0.04821369164927763
593.png,0.039730525020903844
595.png,0.05246928657231942
597.png,0.06223755189159914
599.png,0.08407884540948403
601.png,0.08956907218626182
603.png,0.09379099773344407
605.png,0.09973658775944509
607.png,0.11548234077181746
609.png,0.17060918957619642
611.png,0.16778613577494608
613.png,0.10680575403971666
615.png,0.07877813936406769
617.png,0.0769675122735712
619.png,0.07713482187979126
621.png,0.08790116891858542
623.png,0.09021685069003887
625.png,0.09941074681016863
627.png,0.08443620695582048
629.png,0.0999095982773801
631.png,0.11110490507429506
633.png,0.10493213044784355
635.png,0.10502907917625998
637.png,0.10657419110578725
639.png,0.18914010572844886
641.png,0.20353252009687864
643.png,0.1272102778690988
645.png,0.14212192961036937
647.png,0.2103652221244566
649.png,0.25654936374167575
651.png,0.2880511599810255
653.png,0.289161354900444
655.png,0.24317010760341895
657.png,0.22367757896593812
659.png,0.22210451576448675
661.png,0.1367697041716416
663.png,0.08881830257214567
665.png,0.15642969006312377
667.png,0.14431275574370386
669.png,0.07545408903891561
671.png,0.2903277933575535
673.png,0.35609260400062875
675.png,0.14640893604995828
677.png,0.08427286335707379
679.png,0.07042681488355222
681.png,0.07007586480167248
683.png,0.06814590062031059
685.png,0.055149617179661665
687.png,0.052666135921885425
689.png,0.037842874367968814
691.png,0.03183021736308484
693.png,0.08069646099264272
695.png,0.080635508900069
697.png,0.038038858648864
699.png,0.03561737682313637
701.png,0.034135081853770226
703.png,0.031454901227124174
705.png,0.028378475773257555
707.png,0.03557077619530178
709.png,0.04082812248202633
711.png,0.029592337926336348
713.png,0.020272293407919712
715.png,0.04920777749906071
717.png,0.14254141871098044
719.png,0.147748587939353
721.png,0.06223062140476739
723.png,0.028554364242841895
725.png,0.09824181818256446
727.png,0.13365999020897568
729.png,0.12196253043997025
731.png,0.14624495738939353
733.png,0.10117237372264565
735.png,0.046321741336138055
737.png,0.09441258231585255
739.png,0.12304253948988192
741.png,0.08322432164768928
743.png,0.09552798511061583
745.png,0.11244750053178437
747.png,0.08896509319706479
749.png,0.06423435280774603
751.png,0.10399024162045638
753.png,0.11050135509289473
755.png,0.09564581344894951
757.png,0.12426947001077193
759.png,0.1395454553877561
761.png,0.16521067911105847
763.png,0.13903780900345075
765.png,0.06859196307892872
767.png,0.10351287932076476
769.png,0.1629241046338559
771.png,0.11559317114549478
773.png,0.09025692456330721
775.png,0.15463489629614968
777.png,0.15691531313057944
779.png,0.11070185605882338
781.png,0.08892034765481525
783.png,0.061788174100715486
785.png,0.04934283928341287
787.png,0.051965003911874724
789.png,0.06061959455550444
791.png,0.06410408579687518
793.png,0.09432129748457085
795.png,0.09078205128607948
797.png,0.08700674875775243
799.png,0.08670342375569629
801.png,0.18337320796229137
803.png,0.20549311885925695
805.png,0.14089344636331846
807.png,0.1232597229033074
809.png,0.058757630703328734
811.png,0.08713611760652018
813.png,0.09597255347144583
815.png,0.04970153906021504
817.png,0.04211869842252458
819.png,0.05477205417699719
821.png,0.04196266127012536
823.png,0.06335158039259366
825.png,0.07932544794058614
827.png,0.12764163413437143
829.png,0.1345432037654583
831.png,0.09410483732134313
833.png,0.11415683343778121
835.png,0.10968239560647164
837.png,0.09339221551988967
839.png,0.07635541255266946
841.png,0.06089759119680019
843.png,0.05743120444592662
845.png,0.059559483769128146
847.png,0.039180812655253354
849.png,0.02548616387144165
851.png,0.07141979537968975
853.png,0.10436058210851462
855.png,0.07448410049915878
857.png,0.04175297510157213
859.png,0.037075733344687944
861.png,0.032873120639368515
863.png,0.02859908979258424
865.png,0.07309214486387532
867.png,0.07674176399478366
869.png,0.05739834955854232
871.png,0.05878512578382428
873.png,0.09016623850390089
875.png,0.09770476613019824
877.png,0.08955410923750834
879.png,0.12652829059690776
881.png,0.14377119563927432
883.png,0.13724609770016594
885.png,0.0882234018548883
887.png,0.0663367951993994
889.png,0.07645731154696317
891.png,0.08334417801306039
893.png,0.1026598568135016
895.png,0.1153143066622652
897.png,0.10615443002706887
899.png,0.06444165710451243
901.png,0.026453286701497204
903.png,0.0344317862185527
905.png,0.0791210485429462
907.png,0.09445236219071333
909.png,0.0740295125977959
911.png,0.08223853629286966
913.png,0.09081834926027678
915.png,0.06870707496609492
917.png,0.07964103047916024
919.png,0.09170706363144421
921.png,0.0939980614239073
923.png,0.08688108310282545
925.png,0.06845047096471095
927.png,0.09843603445443876
929.png,0.10087906792214633
931.png,0.08106276467260755
933.png,0.09725197926103085
935.png,0.10463824048618146
937.png,0.15144561951352378
939.png,0.14856934414967302
941.png,0.1003842858528574
943.png,0.15494491352159048
945.png,0.14961830466495044
947.png,0.08816871647869905
949.png,0.06466609439861562
951.png,0.03412335510381984
953.png,0.04045044508147214
955.png,0.0867341504380702
957.png,0.08276369450441991
959.png,0.10374135657466776
961.png,0.11207611779145836
963.png,0.06425393222031468
965.png,0.07908626347203208
967.png,0.13213935394889495
969.png,0.12748739338519297
971.png,0.07186607591510516
973.png,0.05682850735783806
975.png,0.07530170714656585
977.png,0.08446633082562045
979.png,0.08916501208124343
981.png,0.13159173066078877
983.png,0.17126111962616195
985.png,0.2007003336423627
987.png,0.1648225977776445
989.png,0.10825846740795493
991.png,0.17836541566316721
993.png,0.19759028366229414
995.png,0.20564873752005056
997.png,0.1800893267393349
999.png,0.06964884952208193
1001.png,0.039045151548255747
1003.png,0.02399273534671105
1005.png,0.02867715352957655
1007.png,0.06686812736652031
1009.png,0.13105766259319826
1011.png,0.21183666018210268
1013.png,0.34932274430183047
1015.png,0.2984425616858319
1017.png,0.10947683501485038
1019.png,0.059912268232117226
1021.png,0.03793970097214317
1023.png,0.021072610816559294
1025.png,0.021369346595870465
1027.png,0.02121428375180129
1029.png,0.011611752749269363
1031.png,0.02121353912379512
1033.png,0.026703619768308807
1035.png,0.021128862288291934
1037.png,0.05083933197349161
1039.png,0.06256948692232317
1041.png,0.03812807954062999
1043.png,0.03826724976039586
1045.png,0.03685105360957202
1047.png,0.023539704431799407
1049.png,0.01873580123391657
1051.png,0.04887433734753696
1053.png,0.05834900219314282
1055.png,0.03379429008918661
1057.png,0.0307029376058368
1059.png,0.11003016252910386
1061.png,0.1576799438052551
1063.png,0.12307106159306813
1065.png,0.09261337858828318
1067.png,0.049910014511454125
1069.png,0.045031662414904444
1071.png,0.056564086222130716
1073.png,0.04231949899129687
1075.png,0.044893008668497554
1077.png,0.06518841193757959
1079.png,0.05989480153270064
1081.png,0.07737671877128378
1083.png,0.09280035245810113
1085.png,0.08286193376910074
1087.png,0.10784970593495959
1089.png,0.1250675233603974
1091.png,0.0832767041574405
1093.png,0.044321789784579964
1095.png,0.03649892391209778
1097.png,0.05026721741240873
1099.png,0.06325449847672264
1101.png,0.04620642294815472
1103.png,0.026367106430501674
1105.png,0.06412211959321325
1107.png,0.08396643575615026
1109.png,0.07763391915820149
1111.png,0.06615603403535845
1113.png,0.03990373904932656
1115.png,0.07216437581654758
1117.png,0.12300270439345429
1119.png,0.097482542871299
1121.png,0.08971230728886607
1123.png,0.10874070489890734
1125.png,0.07077263755761037
1127.png,0.05613289554305356
1129.png,0.048748671277984885
1131.png,0.03468767653393243
1133.png,0.053216548348425104
1135.png,0.06681629322798986
1137.png,0.07187669493367915
1139.png,0.09609266790287573
1141.png,0.1222138841037514
1143.png,0.0995237643630823
1145.png,0.0524099203070508
1147.png,0.054806221098386766
1149.png,0.07821901757541082
1151.png,0.06476191760441588
1153.png,0.0489648007894255
1155.png,0.05242476317765634
1157.png,0.032785549398866985
1159.png,0.026870649808515296
1161.png,0.03523883612747627
1163.png,0.024551263134663725
1165.png,0.013298523941300074
1167.png,0.05983548156707209
1169.png,0.09208611619899243
1171.png,0.07410585581405148
1173.png,0.05781239668244512
1175.png,0.030648968574783473
1177.png,0.016057816154387623
1179.png,0.012483518510767774
1181.png,0.018670260265373124
1183.png,0.033246277307438475
1185.png,0.0415979072567382
1187.png,0.21624457861372356
1189.png,0.34892229247552997
1191.png,0.2121771594996679
1193.png,0.08827197000766553
1195.png,0.04812322497495264
1197.png,0.05539156104170031
1199.png,0.05847353854127307
1201.png,0.1767934622643642
1203.png,0.22566238500271416
1205.png,0.12629176579446982
1207.png,0.07933699648837707
1209.png,0.031449169019892656
1211.png,0.02597486044798782
1213.png,0.07164116391153628
1215.png,0.12470582686732708
1217.png,0.11598270821197326
1219.png,0.10083460704360896
1221.png,0.0831462774703055
1223.png,0.06830820181400073
1225.png,0.059433504072926045
1227.png,0.10277872503734348
1229.png,0.1910613948137784
1231.png,0.25247823774918
1233.png,0.19469574948186372
1235.png,0.07427773536918787
1237.png,0.11585951443075543
1239.png,0.17688012320319613
1241.png,0.13751537418537602
1243.png,0.08867808453299353
1245.png,0.08210635440898517
1247.png,0.10219279265189363
1249.png,0.11050394536980053
1251.png,0.13152771562976326
1253.png,0.10758008785758644
1255.png,0.0854450780160368
1257.png,0.11870374341829416
1259.png,0.11330457962229445
1261.png,0.12277005177959661
1263.png,0.2253493652152514
1265.png,0.2718958949184251
1267.png,0.24031683124223788
1269.png,0.20326777073118232
1271.png,0.11345521481872645
1273.png,0.11167645029157745
1275.png,0.10723753938883655
1277.png,0.08777188793589703
1279.png,0.18704809094723732
1281.png,0.1962219272893557
1283.png,0.10316213906943426
1285.png,0.08938653375089038
1287.png,0.07946113055904659
1289.png,0.08539563456661153
1291.png,0.08640215869409057
1293.png,0.03419217513058649
1295.png,0.04363047967703493
1297.png,0.08927951965183466
1299.png,0.08176107402791725
1301.png,0.05012972428119892
1303.png,0.04718106785985068
1305.png,0.06603700973779698
1307.png,0.06740443138013526
1309.png,0.037464066438311454
1311.png,0.04930922483153938
1313.png,0.08916315467737708
1315.png,0.08781884372758397
1317.png,0.06469441125964959
1319.png,0.08706897222391706
1321.png,0.10515680320856281
1323.png,0.10681538087724744
1325.png,0.09161883775591549
1327.png,0.06939602207541364
1329.png,0.08225560291409457
1331.png,0.07382162943085023
1333.png,0.06442675833768308
1335.png,0.08592685343446549
1337.png,0.0974168530160262
1339.png,0.09232651611348237
1341.png,0.10812200910574939
1343.png,0.11928543550016725
1345.png,0.08361914353152855
1347.png,0.05450114039606762
1349.png,0.03769878915789031
1351.png,0.019876076105045937
1353.png,0.024535281028286476
1355.png,0.051640904633845124
1357.png,0.0821438602899992
1359.png,0.19621197208084937
1361.png,0.2178163791673656
1363.png,0.11053924270726823
1365.png,0.07885943355910507
1367.png,0.05074986599055436
1369.png,0.139124407953413
1371.png,0.1898186851165002
1373.png,0.10020324252119678
1375.png,0.07541827248888221
1377.png,0.07093131215160754
1379.png,0.06440526013833171
1381.png,0.050479580181379706
1383.png,0.15607852380061793
1385.png,0.26809986147809245
1387.png,0.19726269017831558
1389.png,0.1156396992377972
1391.png,0.07299132197673233
1393.png,0.07449161733049518
1395.png,0.09637499012833954
1397.png,0.07187919867795745
1399.png,0.054569502018431915
1401.png,0.06568654273700052
1403.png,0.11177808922115738
1405.png,0.1377252319838728
1407.png,0.0889634396263667
1409.png,0.06030215879707557
1411.png,0.04576031117945583
1413.png,0.022577117505370444
1415.png,0.033543222686548614
1417.png,0.04647210523184787
1419.png,0.02849175006050748
1421.png,0.034867290307743284
1423.png,0.07497542223985422
1425.png,0.12808504906513765
1427.png,0.13085550635132018
1429.png,0.14573651740641336
1431.png,0.20377511842280938
1433.png,0.2537422910770784
1435.png,0.19533983833685545
1437.png,0.07082935572157308
1439.png,0.1315569913651877
1441.png,0.1590951221276102
1443.png,0.07372778983873714
1445.png,0.04313130786671435
1447.png,0.057767986375935186
1449.png,0.07015319636094809
1451.png,0.1392492170818257
1453.png,0.16656422004724897
1455.png,0.10881507441608558
1457.png,0.11467675134608628
1459.png,0.1703061635794556
1461.png,0.2172867763539922
1463.png,0.15299454131890572
1465.png,0.08727836231943377
1467.png,0.07570790870506365
1469.png,0.07825651640202864
1471.png,0.15102953670589878
1473.png,0.14871953745076638
1475.png,0.07112732883754562
1477.png,0.06375752755821805
1479.png,0.07005818682849756
1481.png,0.09226743420938766
1483.png,0.11729124036424725
1485.png,0.10790802487728779
1487.png,0.13418242318430798
1489.png,0.1705838590297409
1491.png,0.1678173839858276
1493.png,0.13284403581788476
1495.png,0.08435493624664121
1497.png,0.14546714447093265
1499.png,0.15712377399091007
1501.png,0.07302617954672731
1503.png,0.07027641287267657
1505.png,0.11606840408782311
1507.png,0.10230504889476677
1509.png,0.05525447530817116
1511.png,0.07340400700195339
1513.png,0.1218917743511455
1515.png,0.1035766868921603
1517.png,0.09604428544251403
1519.png,0.1021666608241143
1521.png,0.12677324958930217
1523.png,0.17657164119445545
1525.png,0.1332602240402276
1527.png,0.11164025342327931
1529.png,0.14995638819490065
1531.png,0.19437702427954862
1533.png,0.14955850336502455
1535.png,0.061260628264978384
1537.png,0.03503640205059936
1539.png,0.1084970963014314
1541.png,0.15647911965890557
1543.png,0.12072432518019882
1545.png,0.07418016984442738
1547.png,0.09919189114539112
1549.png,0.20172828005144425
1551.png,0.17718636597656348
1553.png,0.0831512212106358
1555.png,0.04187695431539646
1557.png,0.03954818885468515
1559.png,0.05339787044771201
1561.png,0.06012643464289663
1563.png,0.04328405937927482
1565.png,0.05812161908423741
1567.png,0.11601145978065276
1569.png,0.11644309648305817
1571.png,0.0632815928539655
1573.png,0.0623658637629953
1575.png,0.07771319284793422
1577.png,0.09467441384910437
1579.png,0.11842020533124238
1581.png,0.08412303628735945
1583.png,0.058779421704388955
1585.png,0.15217406410554288
1587.png,0.1721434795478292
1589.png,0.1255622201038502
1591.png,0.15992009119434827
1593.png,0.19564371134255878
1595.png,0.17334483671656764
1597.png,0.08667404613054962
1599.png,0.09457886230997631
1601.png,0.15748808785296936
1603.png,0.11975569920909886
1605.png,0.060546948544424384
1607.png,0.0820656055484353
1609.png,0.10166389774197133
1611.png,0.08791417473194925
1613.png,0.09528899886090862
1615.png,0.08912861578292088
1617.png,0.05407369896811389
1619.png,0.03724218972041253
1621.png,0.05079712120199878
1623.png,0.13305988459952897
1625.png,0.2260546172631059
1627.png,0.19985790583730653
1629.png,0.18066325546384157
1631.png,0.15655924673239488
1633.png,0.10287595513913395
1635.png,0.07866731649787344
1637.png,0.03520768225988118
1639.png,0.01831485640522623
1641.png,0.05557579091527981
1643.png,0.11455054180933011
1645.png,0.13071982180778507
1647.png,0.08940939322761136
1649.png,0.061962455500832625
1651.png,0.07900121807710045
1653.png,0.07806042084977265
1655.png,0.07141309065913234
1657.png,0.058890749458786716
1659.png,0.0502758748644977
1661.png,0.0561861537335445
1663.png,0.04725022092256707
1665.png,0.06328354229461403
1667.png,0.09519721633835386
1669.png,0.1281365779262243
1671.png,0.1296541078958729
1673.png,0.19557577070507137
1675.png,0.2360969076451749
1677.png,0.17716135713448422
1679.png,0.1849990359047727
1681.png,0.20536591679187863
1683.png,0.14661934415609384
1685.png,0.06782258364926025
1687.png,0.044162690849338083
1689.png,0.08363472925664119
1691.png,0.09571810772697503
1693.png,0.0893783630122091
1695.png,0.21506735388402629
1697.png,0.22249671222092207
1699.png,0.16896820366820195
1701.png,0.17057414452380767
1703.png,0.09253730254503367
1705.png,0.03340780797810116
1707.png,0.06383623793542635
1709.png,0.08988744348228057
1711.png,0.15828202401578448
1713.png,0.23584742756346866
1715.png,0.22710878621094754
1717.png,0.2141232522678154
1719.png,0.16224560000339402
1721.png,0.09458717035862883
1723.png,0.1291426112340989
1725.png,0.1640070499674182
1727.png,0.17061579878779584
1729.png,0.18303212740571073
1731.png,0.18630459480335568
1733.png,0.2166965838036612
1735.png,0.1838049047775293
1737.png,0.10361349635942853
1739.png,0.10492117844894218
1741.png,0.20967106071735317
1743.png,0.2050412009081075
1745.png,0.13517068110972075
1747.png,0.10639602122396037
1749.png,0.11331054875483049
1751.png,0.12062487605290256
1753.png,0.082520593712981
1755.png,0.04809294728280947
1757.png,0.08614729063491637
1759.png,0.1469817152181619
1761.png,0.14876851408214542
1763.png,0.11062254746268575
1765.png,0.07825130220754405
1767.png,0.06555139893128956
1769.png,0.04811813516363325
1771.png,0.11527555628930468
1773.png,0.17018656745326166
1775.png,0.17184585437102992
1777.png,0.14537051851525531
1779.png,0.12106987514421215
1781.png,0.19919802141959422
1783.png,0.25785284702239747
1785.png,0.24471095026949485
1787.png,0.17127855311307458
1789.png,0.13704782539100496
1791.png,0.1828326477391556
1793.png,0.16448164379540534
1795.png,0.11023379993419995
1797.png,0.06651177176826907
1799.png,0.0546084453463346
1801.png,0.1322295006712208
1803.png,0.1468947334951801
1805.png,0.07379549713156759
1807.png,0.0711295939028996
1809.png,0.13690680386426501
1811.png,0.1280435352583807
1813.png,0.10179069486128227
1815.png,0.19796346077278895
1817.png,0.22849422179644516
1819.png,0.16169049667976035
1821.png,0.10064982772754871
1823.png,0.08120276953077064
1825.png,0.06440091641303809
1827.png,0.023436306263819
1829.png,0.04636565502283957
1831.png,0.10566104420621521
1833.png,0.11652625424530545
1835.png,0.07275691869893482
1837.png,0.07366826186341974
1839.png,0.12293598734591711
1841.png,0.20713392126313282
1843.png,0.20767787174301489
1845.png,0.1266021283994686
1847.png,0.15769041586354612
1849.png,0.21186665034438254
1851.png,0.21368523550081608
1853.png,0.15633644987162068
1855.png,0.07650878679095409
1857.png,0.15929274890601203
1859.png,0.18203713069990132
1861.png,0.16966234031240093
1863.png,0.16724919954660847
1865.png,0.13595714282980662
1867.png,0.2206705580552124
1869.png,0.19657360498771745
1871.png,0.16691018553133033
1873.png,0.16092286229648595
1875.png,0.15389151861441927
1877.png,0.20528953767542304
1879.png,0.1855755009476485
1881.png,0.15324367361678484
1883.png,0.14562354163134691
1885.png,0.13172402456669208
1887.png,0.1086959126103858
1889.png,0.10309734551472598
1891.png,0.09669944514288879
1893.png,0.0761564667670408
1895.png,0.1344546574900044
1897.png,0.1454920250856046
1899.png,0.0711901462304315
1901.png,0.0286338437858628
1903.png,0.032804639747603274
1905.png,0.076261530853266
1907.png,0.1107710907978993
1909.png,0.10611432079219756
1911.png,0.11549850067742641
1913.png,0.10862114863676486
1915.png,0.060383982416929986
1917.png,0.042382302203755294
1919.png,0.03353086128631586
1921.png,0.023583482379050186
1923.png,0.026953580288201898
1925.png,0.02223539615111557
1927.png,0.035078473643915524
1929.png,0.17577221501418508
1931.png,0.2302397671956107
1933.png,0.15573783826888551
1935.png,0.12755558594088073
1937.png,0.08411848157319861
1939.png,0.05657724037658316
1941.png,0.054977418630954726
1943.png,0.08430572653798162
1945.png,0.08552547686625812
1947.png,0.07485692126330164
1949.png,0.10118151182193365
1951.png,0.15791356720612712
1953.png,0.1668509125977299
1955.png,0.10544151788849104
1957.png,0.05874788877334352
1959.png,0.046260804325230075
1961.png,0.050136202454529565
1963.png,0.047483855694519926
1965.png,0.04512951828042248
1967.png,0.0532196944190382
1969.png,0.045081180755738366
1971.png,0.06478790481039015
1973.png,0.11770996795478172
1975.png,0.09181754405757687
1977.png,0.08237970906979807
1979.png,0.0831059897558125
1981.png,0.059196859916588705
1983.png,0.07897294074977136
1985.png,0.08203085556853046
1987.png,0.05958542863603509
1989.png,0.08140425595997462
1991.png,0.11232915591318965
1993.png,0.12686859591510413
1995.png,0.12705502584148284
1997.png,0.0870154249157138
1999.png,0.08374485779092133
2001.png,0.07124223695293204
2003.png,0.06936624194547575
2005.png,0.07929459063664089
2007.png,0.0646534606763224
2009.png,0.06315758228131467
2011.png,0.04493032507541552
2013.png,0.025340157002021076
2015.png,0.05527752836538987
2017.png,0.11986975934768263
2019.png,0.10826709433285575
2021.png,0.07349336623777342
2023.png,0.0897456746287789
2025.png,0.08083336191004004
2027.png,0.0730367754453602
2029.png,0.12035428499361482
2031.png,0.10733759263383215
2033.png,0.05556674317097285
2035.png,0.04233101015480231
2037.png,0.0272167728764874
2039.png,0.0136283020960146
2041.png,0.1054652427790679
2043.png,0.1916672718246154
2045.png,0.14057058159574434
2047.png,0.06902704688514125
2049.png,0.04317450530447842
2051.png,0.04459301633013047
2053.png,0.04344081962232043
2055.png,0.06867536930284314
2057.png,0.08294706552572186
2059.png,0.06265358174624419
2061.png,0.06742214633286782
2063.png,0.08133507345537601
2065.png,0.061086063623164266
2067.png,0.03642405053467689
2069.png,0.04088336802353836
2071.png,0.05092345617489805
2073.png,0.03698499833470182
2075.png,0.032315955054182444
2077.png,0.039303599709079845
2079.png,0.03748682602041501
2081.png,0.026208785501349405
2083.png,0.0399719289345802
2085.png,0.05376918237749937
2087.png,0.038805445644074656
2089.png,0.028423488136070915
2091.png,0.042336862532939466
2093.png,0.07579222197289132
2095.png,0.0807645217410553
2097.png,0.051362943180131494
2099.png,0.0290061397776761
2101.png,0.0205177035903188
2103.png,0.0304611326745898
2105.png,0.0544640149173389
2107.png,0.0423893629634463
2109.png,0.023465125792525937
2111.png,0.018613513238993813
2113.png,0.025798914226481468
2115.png,0.03573396591431202
2117.png,0.02616241566203134
2119.png,0.013779124062879516
2121.png,0.007686883616074439
2123.png,0.017291473980620312
2125.png,0.026337065054600334
2127.png,0.043365614572705415
2129.png,0.05628074522135704
2131.png,0.03432119576572725
2133.png,0.018141057138440816
2135.png,0.014073111669817805
2137.png,0.02536806917243507
2139.png,0.07403490719216829
2141.png,0.0923605624239238
2143.png,0.053657735003385
2145.png,0.03178221305653553
2147.png,0.05777190607602431
2149.png,0.07526651763854764
2151.png,0.11270002273698095
2153.png,0.11090771666990197
2155.png,0.14791818956311034
2157.png,0.19474681797880425
2159.png,0.10933082443809672
2161.png,0.06934498494229767
2163.png,0.16268584213442952
2165.png,0.20436184880398164
2167.png,0.11823324495640875
2169.png,0.05538817560205018
2171.png,0.024142528169781425
2173.png,0.047398305880834775
2175.png,0.0657666435499357
2177.png,0.0408691775686001
2179.png,0.037773499038035833
2181.png,0.1459742417422318
2183.png,0.1718580954352148
2185.png,0.07462656835149153
2187.png,0.06269664181414715
2189.png,0.10270605190973632
2191.png,0.15390593543443795
2193.png,0.2148888880504294
2195.png,0.19915809315089128
2197.png,0.17252489123623813
2199.png,0.2024628692000483
2201.png,0.13705503023761423
2203.png,0.06462520303692387
2205.png,0.1576951318064198
2207.png,0.24114431517252874
2209.png,0.17642247453970894
2211.png,0.11475828960750889
2213.png,0.09639805033873976
2215.png,0.18003290469471436
2217.png,0.21925990391116612
2219.png,0.11571632361525054
2221.png,0.05940009292997831
2223.png,0.05037683500858777
2225.png,0.11508698845576122
2227.png,0.15088339177989582
2229.png,0.09845003246672816
2231.png,0.1088380929808082
2233.png,0.14550548185839454
2235.png,0.11112183006251586
2237.png,0.055322689469141186
2239.png,0.14367164097080043
2241.png,0.174045395675134
2243.png,0.13147013653411843
2245.png,0.16039195414746596
2247.png,0.3126979064821031
2249.png,0.31327187160249637
2251.png,0.16048979474304806
2253.png,0.13047129317521614
2255.png,0.12341569994687884
2257.png,0.1146939032932117
2259.png,0.07804446944461907
2261.png,0.05402810777679626
2263.png,0.08069543943787792
2265.png,0.08223117603315304
2267.png,0.07103189808735709
2269.png,0.0934824247579093
2271.png,0.06334871714049957
2273.png,0.06997677407242979
2275.png,0.08007608758601258
2277.png,0.06891876842310925
2279.png,0.09481112538354558
2281.png,0.10425969918097706
2283.png,0.0825418580224966
2285.png,0.04854232699592428
2287.png,0.05324729461527372
2289.png,0.10821452961715228
2291.png,0.13903631344885348
2293.png,0.14535548811306792
2295.png,0.17456417621887468
2297.png,0.13746627574734138
2299.png,0.08468490021285825
2301.png,0.10080402568597728
2303.png,0.10250108763780569
2305.png,0.11319065367250432
2307.png,0.11555899274040853
2309.png,0.08895811303353834
2311.png,0.12059724782538588
2313.png,0.10906980275158146
2315.png,0.06719362703145891
2317.png,0.12943545966407108
2319.png,0.1676338943807961
2321.png,0.15408519019579492
2323.png,0.1169596740268853
2325.png,0.08445890425520426
2327.png,0.06949664090698719
2329.png,0.08345887746951897
2331.png,0.08406623307712179
2333.png,0.06353943374040157
2335.png,0.10029607870937196
2337.png,0.10108161546707418
2339.png,0.10203118441144714
2341.png,0.10329333011521262
2343.png,0.15689836091204934
2345.png,0.25376349073782384
2347.png,0.21778219485327543
2349.png,0.11824676616008062
2351.png,0.06648544295964957
2353.png,0.040502626074149554
2355.png,0.04481334288841959
2357.png,0.10178271449250138
2359.png,0.1357285049777632
2361.png,0.14222863704699293
2363.png,0.18558627993112808
2365.png,0.1735046849656304
2367.png,0.12372761372090046
2369.png,0.09380498330911215
2371.png,0.14640092783875006
2373.png,0.19904916463198508
2375.png,0.13422713835339492
2377.png,0.08827652669383663
2379.png,0.08489007713540915
2381.png,0.10295312425210912
2383.png,0.07808004394824251
2385.png,0.051374182045144934
2387.png,0.04688985271244678
2389.png,0.06176202495227066
2391.png,0.10591555800480908
2393.png,0.08744775517597218
2395.png,0.03620503141152166
2397.png,0.024114357219321158
2399.png,0.07766917655407803
2401.png,0.09062031262298227
2403.png,0.15063533055510717
2405.png,0.19559095756122336
2407.png,0.10380575232508732
2409.png,0.05080995765925431
2411.png,0.08521850736638233
2413.png,0.08895558321790666
2415.png,0.04746355525509105
2417.png,0.03911352293973359
2419.png,0.06541440681379763
2421.png,0.08758680040889884
2423.png,0.06482688177047137
2425.png,0.07591778234779156
2427.png,0.09299639925737946
2429.png,0.0965472693753897
2431.png,0.10851041014037723
2433.png,0.10421953775830466
2435.png,0.07915797102235221
2437.png,0.08456351986455407
2439.png,0.11749524997647431
2441.png,0.1389230725731314
2443.png,0.11930515162037018
2445.png,0.080627792550081
2447.png,0.05456771920056933
2449.png,0.04526844879796698
2451.png,0.0816521702899224
2453.png,0.10707280234143753
2455.png,0.20160697962060772
2457.png,0.20085812360947397
2459.png,0.08279832763276186
2461.png,0.052495503592165545
2463.png,0.10067062197217415
2465.png,0.11927412861946245
2467.png,0.06018714123091105
2469.png,0.03234723732081055
2471.png,0.08407711349496245
2473.png,0.17409426259520647
2475.png,0.1669607370678683
2477.png,0.09036636751630571
2479.png,0.05536856588758913
2481.png,0.05919287879280874
2483.png,0.03854571520127398
2485.png,0.07175248754136275
2487.png,0.08985153177417815
2489.png,0.06979358184350032
2491.png,0.1185433665514406
2493.png,0.15331378908953455
2495.png,0.13583502531714367
2497.png,0.13100635379773748
2499.png,0.09864062793626509
2501.png,0.05117505222583516
2503.png,0.10301428596186868
2505.png,0.14043045394953166
2507.png,0.08273050895858493
2509.png,0.04503369908458218
2511.png,0.05099212818982276
2513.png,0.1606895342258681
2515.png,0.21064013788395686
2517.png,0.14361848615703832
2519.png,0.18436436084607521
2521.png,0.22552142947150358
2523.png,0.15979540317996702
2525.png,0.08514274770930197
2527.png,0.0534973458777361
2529.png,0.1482163027369477
2531.png,0.19335455796597723
2533.png,0.10758748891114632
2535.png,0.057015356478291875
2537.png,0.04622566850887342
2539.png,0.054078547166144166
2541.png,0.08827246659542297
2543.png,0.12450059481311228
2545.png,0.09209966031328959
2547.png,0.06710956905489533
2549.png,0.0631405075033683
2551.png,0.05682857076791187
2553.png,0.08806025895962204
2555.png,0.17189213108184956
2557.png,0.18264818016410875
2559.png,0.14864478450258906
2561.png,0.13378104879207192
2563.png,0.07672346983931717
2565.png,0.15227060220169442
2567.png,0.22020074295178857
2569.png,0.2578189160001801
2571.png,0.3327220806006765
2573.png,0.22382019326998706
2575.png,0.13460559539799524
2577.png,0.1944017588853989
2579.png,0.17415818298062194
2581.png,0.1284908556249423
2583.png,0.11385080394833226
2585.png,0.07370398997495214
2587.png,0.056590939757657145
2589.png,0.04835156316473485
2591.png,0.10451217604979672
2593.png,0.22614492679074338
2595.png,0.20836609545494092
2597.png,0.12678035454003334
2599.png,0.09134371023972267
2601.png,0.03448785780734296
2603.png,0.023049366457980457
2605.png,0.045235295091642785
2607.png,0.050239536371354865
2609.png,0.06174157852316051
2611.png,0.08216093826421146
2613.png,0.07554845875544029
2615.png,0.05892839403961323
2617.png,0.04552861219318118
2619.png,0.05605214930465289
2621.png,0.10552512638069016
2623.png,0.15389838494293165
2625.png,0.15635790320711754
2627.png,0.11042431996093
2629.png,0.0853156418629017
2631.png,0.11015871071244367
2633.png,0.13171105551529289
2635.png,0.15252466158008693
2637.png,0.17556815232149794
2639.png,0.2051144751751159
2641.png,0.15327030069608602
2643.png,0.1158546340448297
2645.png,0.11393846760136007
2647.png,0.12618387553407787
2649.png,0.11999005348587709
2651.png,0.22379770964749876
2653.png,0.2612099526338055
2655.png,0.11469307262077176
2657.png,0.08130847196901582
2659.png,0.09105016384232288
2661.png,0.11889920663074732
2663.png,0.09443269514784573
2665.png,0.05551209497367462
2667.png,0.049910313794729176
2669.png,0.05442759995980959
2671.png,0.06798855167403453
2673.png,0.05795208721284941
2675.png,0.05285392199597381
2677.png,0.0515255116576672
2679.png,0.03545377182148293
2681.png,0.028416090217505508
2683.png,0.0319722321322476
2685.png,0.036181394894616935
2687.png,0.037863165434763514
2689.png,0.04855280255164227
2691.png,0.055403329050824096
2693.png,0.0437334191025247
2695.png,0.028387446328035634
2697.png,0.01740164151383161
2699.png,0.05726219117630758
2701.png,0.0977337663372001
2703.png,0.0728504709071464
2705.png,0.037817931737470833
2707.png,0.03888830992818481
2709.png,0.0631432523437361
2711.png,0.07773615883814027
2713.png,0.09322843110239082
2715.png,0.07146620181095457
2717.png,0.046143891254702696
2719.png,0.0738657967380813
2721.png,0.08681078854971892
2723.png,0.07270008028803188
2725.png,0.0627502404195001
2727.png,0.07766880393167103
2729.png,0.09155152837481684
2731.png,0.10868891113349659
2733.png,0.1575275130846396
2735.png,0.16082286065745002
2737.png,0.1069025272327252
2739.png,0.16088014424501482
2741.png,0.18692601084927254
2743.png,0.09370427822145992
2745.png,0.05421441750418201
2747.png,0.12003639574412191
2749.png,0.15383300263207383
2751.png,0.08781050171627346
2753.png,0.062306135979538955
2755.png,0.07625656826206238
2757.png,0.11119393343034116
2759.png,0.10288018140297044
2761.png,0.061235437055762953
2763.png,0.07612045415915923
2765.png,0.09581822507473452
2767.png,0.1231864180925575
2769.png,0.1254629471819628
2771.png,0.06711145358519513
2773.png,0.039977854919886445
2775.png,0.08518132532055371
2777.png,0.08951025289186233
2779.png,0.0637654566537618
2781.png,0.08447806466855205
2783.png,0.08020004358304071
2785.png,0.06255153724356664
2787.png,0.05751797236934028
2789.png,0.09863864896342063
2791.png,0.15239600180799726
2793.png,0.11917516494530754
2795.png,0.11161220663037004
2797.png,0.12906899251290857
2799.png,0.08338200531982277
2801.png,0.06592116333571703
2803.png,0.21870588454116593
2805.png,0.2722170996749043
2807.png,0.13111024012445208
2809.png,0.07500337821006374
2811.png,0.103276822754938
2813.png,0.09527193042195453
2815.png,0.10851862447562018
2817.png,0.11526625006845322
2819.png,0.0597993447737585
2821.png,0.15308360554631187
2823.png,0.237005764570023
2825.png,0.18676675419879796
2827.png,0.11654456062738379
2829.png,0.13905102545560824
2831.png,0.17583169220070513
2833.png,0.15638070860895995
2835.png,0.22223370624712266
2837.png,0.22148471359786437
2839.png,0.18184197705446692
2841.png,0.23737267408589194
2843.png,0.19283743700656517
2845.png,0.08303349243070753
2847.png,0.0884660808728505
2849.png,0.16074908867433232
2851.png,0.22760335966929648
2853.png,0.2003273065387701
2855.png,0.15064663176733564
2857.png,0.11431236322140792
2859.png,0.04936955136281281
2861.png,0.06042567892942834
2863.png,0.08328817123861444
2865.png,0.07388255028158865
2867.png,0.06230080882122265
2869.png,0.06610903892056855
2871.png,0.1455661927764174
2873.png,0.1522498644095181
2875.png,0.11695940268375864
2877.png,0.14141819203011982
2879.png,0.16714337575472982
2881.png,0.13591789924614156
2883.png,0.10748038287299379
2885.png,0.10665069965964391
2887.png,0.10406672854703607
2889.png,0.12980251726005454
2891.png,0.12608635911177918
2893.png,0.12716364028994015
2895.png,0.09240555113535377
2897.png,0.04704154562943922
2899.png,0.08770685860512567
2901.png,0.10193818755943874
2903.png,0.06876923747526038
2905.png,0.1089750747139799
2907.png,0.11569042984828508
2909.png,0.09888010135685453
2911.png,0.08919872479768277
2913.png,0.14206374233673572
2915.png,0.15312370590273058
2917.png,0.11494161414405872
2919.png,0.1266577350672787
2921.png,0.126310684865604
2923.png,0.10443555351293421
2925.png,0.11530961522193861
2927.png,0.12179336590479517
2929.png,0.05711891715033419
2931.png,0.0444963854693822
2933.png,0.04524392016707033
2935.png,0.05762712637741754
2937.png,0.09270157161738934
2939.png,0.09968431871263998
2941.png,0.07760777020165922
2943.png,0.11806695806883971
2945.png,0.13282385683027637
2947.png,0.060517670060090616
2949.png,0.10713272896736603
2951.png,0.1693732526809962
2953.png,0.13615274468762978
2955.png,0.08259681563312243
2957.png,0.03686181812065978
2959.png,0.03226682600404863
2961.png,0.029513574083732372
2963.png,0.03087017029195586
2965.png,0.05218214074661185
2967.png,0.11105773193932189
2969.png,0.32345711305173436
2971.png,0.3487847269059294
2973.png,0.17448433639212024
2975.png,0.11734768053426863
2977.png,0.12226304676974649
2979.png,0.14018576928921817
2981.png,0.12977169069630662
2983.png,0.12286793064071984
2985.png,0.10798816257382182
2987.png,0.10421485660362488
2989.png,0.12500491062100805
2991.png,0.12344367328384213
2993.png,0.11981217156879997
2995.png,0.0917170385015769
2997.png,0.05559777381909434
2999.png,0.06356122564240475
3001.png,0.04855712265923345
3003.png,0.020345936048874316
3005.png,0.02079960160084864
3007.png,0.04827965118033454
3009.png,0.050339342008175976
3011.png,0.032662976193806356
3013.png,0.025026514702664718
3015.png,0.018701775168752273
3017.png,0.01576837778766139
3019.png,0.012642467620237565
3021.png,0.011724836578721387
3023.png,0.014417322170653094
3025.png,0.0138624682416247
3027.png,0.015066438023902501
3029.png,0.025056839189482233
3031.png,0.02355458811390811
3033.png,0.0161018776412421
3035.png,0.011581054723614233
3037.png,0.019695024571933246
3039.png,0.03154213341809572
3041.png,0.03125897666724941
3043.png,0.05384913416674541
3045.png,0.06266839663840268
3047.png,0.052111642594658426
3049.png,0.04365014786870051
3051.png,0.022816390230757534
3053.png,0.034223364809984114
3055.png,0.03721179041840434
3057.png,0.022665438775644645
3059.png,0.017766494171296814
3061.png,0.008721224997060205
3063.png,0.018374667281240768
3065.png,0.03382815568458055
3067.png,0.029113303741849155
3069.png,0.10250570931237162
3071.png,0.15429437014196054
3073.png,0.08412681036602698
3075.png,0.03781020480199403
3077.png,0.11937738839223566
3079.png,0.26424506764754513
3081.png,0.2337638924888268
3083.png,0.11308299883774568
3085.png,0.06479819660243606
3087.png,0.15573990277070868
3089.png,0.3289075491548215
3091.png,0.43514670920771475
3093.png,0.3276186949425343
3095.png,0.1432579926786622
3097.png,0.07101684631744563
3099.png,0.03317853499114565
3101.png,0.023685689605474614
3103.png,0.02740706924339137
3105.png,0.057151973408924195
3107.png,0.0898688883127327
3109.png,0.09902521721328476
3111.png,0.13123195536204565
3113.png,0.14855636380536152
3115.png,0.17567709493114814
3117.png,0.205283831912525
3119.png,0.13952722279834995
3121.png,0.14285011052624466
3123.png,0.1710356456025974
3125.png,0.10647821987617463
3127.png,0.06991233242865548
3129.png,0.05072445370941073
3131.png,0.12185717946767377
3133.png,0.1893253867046024
3135.png,0.18112881793631397
3137.png,0.13877359633330924
3139.png,0.08509888451855852
3141.png,0.14368678861711248
3143.png,0.17489587841382895
3145.png,0.17958507795450177
3147.png,0.18160794463196425
3149.png,0.16100529758943127
3151.png,0.14206223994100428
3153.png,0.0903439859039397
3155.png,0.07033849265796639
3157.png,0.11886684515947328
3159.png,0.19824727846143717
3161.png,0.18078320547262192
3163.png,0.09157543778194106
3165.png,0.07897962058508762
3167.png,0.10194692818629862
3169.png,0.15989639132654707
3171.png,0.21179551472079763
3173.png,0.17104937331481776
3175.png,0.13600633606845802
3177.png,0.1405866578735731
3179.png,0.10369561378385694
3181.png,0.11965833339997818
3183.png,0.16516165347201522
3185.png,0.11878266528680222
3187.png,0.10574753075981898
3189.png,0.17346743077087654
3191.png,0.14771798207130113
3193.png,0.13472530075250755
3195.png,0.1538334756372329
3197.png,0.1253297144928891
3199.png,0.14106168729594407
3201.png,0.15460240636445102
3203.png,0.1597654912014041
3205.png,0.143815537894409
3207.png,0.11384820626995333
3209.png,0.1062065551241946
3211.png,0.11997313680121337
3213.png,0.14335541884723313
3215.png,0.17788178874592978
3217.png,0.21140744670742417
3219.png,0.1730995058500557
3221.png,0.1233987519967486
3223.png,0.09365111497799318
3225.png,0.08980023209505529
3227.png,0.12107959669250001
3229.png,0.19473598493939556
3231.png,0.19446219493550032
3233.png,0.09051484611167498
3235.png,0.04595677677636009
3237.png,0.054317089828665566
3239.png,0.08025702433878029
3241.png,0.07832187280752206
3243.png,0.06370611071817722
3245.png,0.07333710774856354
3247.png,0.12147995824640834
3249.png,0.12996447829745159
3251.png,0.1082717080856096
3253.png,0.11249739097041322
3255.png,0.08201094026857754
3257.png,0.06164073962467951
3259.png,0.07178691035674027
3261.png,0.06206967559511795
3263.png,0.04952278816718301
3265.png,0.040426411012869506
3267.png,0.028390909016980503
3269.png,0.0413748899576908
3271.png,0.10035731575481906
3273.png,0.12000153191087244
3275.png,0.11573420209089115
3277.png,0.11091782315704289
3279.png,0.12642483715922653
3281.png,0.15969201526612378
3283.png,0.11421784440368525
3285.png,0.05622368634472325
3287.png,0.09076658621672135
3289.png,0.1290512283154439
3291.png,0.09145111009505426
3293.png,0.06503173515209565
3295.png,0.11795866921547055
3297.png,0.1435363903145094
3299.png,0.08183262483113667
3301.png,0.06227877669312443
3303.png,0.06557920552882181
3305.png,0.0706128825002002
3307.png,0.0788478470263576
3309.png,0.08811742287270541
3311.png,0.11377831870116227
3313.png,0.09201667316687574
3315.png,0.06942861231808017
3317.png,0.11803857138635099
3319.png,0.15364107705116728
3321.png,0.10537671617984919
3323.png,0.047787444181144695
3325.png,0.0378484497714044
3327.png,0.10237681477427484
3329.png,0.18559317658066746
3331.png,0.17217436058561006
3333.png,0.09070365828810466
3335.png,0.09479288818741287
3337.png,0.2305378965613062
3339.png,0.27856091830719887
3341.png,0.23837039263244927
3343.png,0.17917959397434013
3345.png,0.09753357496658564
3347.png,0.05933354009124831
3349.png,0.041358483198395
3351.png,0.05600095701320653
3353.png,0.1158341820442136
3355.png,0.21014433289247936
3357.png,0.2067887184841043
3359.png,0.20793224615595754
3361.png,0.2426668049320314
3363.png,0.17946014359344156
3365.png,0.11598473225947588
3367.png,0.07363056080181189
3369.png,0.08203844994849223
3371.png,0.12597356826247855
3373.png,0.1734847429400751
3375.png,0.1647114481530609
3377.png,0.09243885762168375
3379.png,0.09020639074071712
3381.png,0.10868679686461703
3383.png,0.09909055366805791
3385.png,0.18251602594949
3387.png,0.18136940294635692
3389.png,0.17218497008625797
3391.png,0.26679714391809084
3393.png,0.21509806437684886
3395.png,0.12366646403535801
3397.png,0.07645990844224754
3399.png,0.17709471023134013
3401.png,0.25812643182294776
3403.png,0.15969512665277455
3405.png,0.13728243378800062
3407.png,0.1395678653253512
3409.png,0.11668114559297414
3411.png,0.10241426592550225
3413.png,0.15913586340176245
3415.png,0.20253178981220446
3417.png,0.1774441318620434
3419.png,0.142423036757747
3421.png,0.07281771527847963
3423.png,0.08612624258505404
3425.png,0.1098264818413625
3427.png,0.1121413182888948
3429.png,0.0909296906383343
3431.png,0.0999301050733032
3433.png,0.20863098815515643
3435.png,0.33579117362841965
3437.png,0.37520368994986014
3439.png,0.23267935788205926
3441.png,0.10045978244997282
3443.png,0.09759705949775781
3445.png,0.12727443274177577
3447.png,0.11620209166181568
3449.png,0.1014178686631139
3451.png,0.09720071631313744
3453.png,0.10369788433989345
3455.png,0.10810431449241259
3457.png,0.0677523215069599
3459.png,0.036753834310645064
3461.png,0.031677453186271624
3463.png,0.077339772868871
3465.png,0.0892752815000611
3467.png,0.06269941528513687
3469.png,0.10844304429118716
3471.png,0.13445472474437578
3473.png,0.09917036362999548
3475.png,0.11543044420915795
3477.png,0.18820604176268954
3479.png,0.17459270189519052
3481.png,0.13648146831431426
3483.png,0.22102075465334267
3485.png,0.30287771307035555
3487.png,0.20977532741958652
3489.png,0.17792958228963862
3491.png,0.22204592893248876
3493.png,0.15856748842440074
3495.png,0.12830333916095238
3497.png,0.13939969409752997
3499.png,0.10429123969293007
3501.png,0.07623118098052462
3503.png,0.1405565662035416
3505.png,0.17973571263581747
3507.png,0.11901721107572392
3509.png,0.04863290684541088
3511.png,0.034403712520566294
3513.png,0.07896321795700877
3515.png,0.07900334822574878
3517.png,0.05785233751747213
3519.png,0.060428337010453775
3521.png,0.04989095057140142
3523.png,0.17564440526925965
3525.png,0.2061539963164708
3527.png,0.0779407806786822
3529.png,0.11148953686465575
3531.png,0.1399413082344987
3533.png,0.10476686915899837
3535.png,0.12720041758863634
3537.png,0.16813161733100315
3539.png,0.15274688274446294
3541.png,0.08434787345688594
3543.png,0.03868810133888008
3545.png,0.027261339282836094
3547.png,0.051544944496898365
3549.png,0.05778919865752208
3551.png,0.10890706242808017
3553.png,0.15603377789818015
3555.png,0.249834284585591
3557.png,0.3424054435232864
3559.png,0.297684507281899
3561.png,0.22202708877170066
3563.png,0.11678803255009639
3565.png,0.09348627958810318
3567.png,0.11400513113907966
3569.png,0.08700832148847311
3571.png,0.08786091016549974
3573.png,0.13558260784155496
3575.png,0.20807307357790192
3577.png,0.20139083314340023
3579.png,0.17772188053661156
3581.png,0.21063650404788906
3583.png,0.21291829399061815
3585.png,0.17237017966572646
3587.png,0.14477466516118645
3589.png,0.17266060568366248
3591.png,0.15032330207518008
3593.png,0.1542824508497823
3595.png,0.25142496830058453
3597.png,0.2109401151731026
3599.png,0.13715492686279654
3601.png,0.19245222873372514
3603.png,0.21857491356426703
3605.png,0.23303495917815042
3607.png,0.17368583447104713
3609.png,0.065147914833049
3611.png,0.0404607749552263
3613.png,0.06562137426835736
3615.png,0.19697786560291197
3617.png,0.2250054120707318
3619.png,0.13344968655665065
3621.png,0.132919082373246
3623.png,0.119596700479542
3625.png,0.08926988744403079
3627.png,0.1145754493066508
3629.png,0.13181611520677267
3631.png,0.1180479588529449
3633.png,0.16040026603211896
3635.png,0.21629097381588466
3637.png,0.21825120124338948
3639.png,0.22981819600899644
3641.png,0.18132357081121744
3643.png,0.09459096244754572
3645.png,0.10887900384526178
3647.png,0.14706879487388902
3649.png,0.13273485130983445
3651.png,0.08758387259946215
3653.png,0.05787113654052528
3655.png,0.0748559943418877
3657.png,0.13369906566478065
3659.png,0.15777912941885408
3661.png,0.11025236118936677
3663.png,0.10858965274063788
3665.png,0.15520396449952667
3667.png,0.14116134368310154
3669.png,0.177621021446022
3671.png,0.2784844486502914
3673.png,0.22454119965725836
3675.png,0.2305403169502606
3677.png,0.25263132292395796
3679.png,0.13096360908073176
3681.png,0.11449108784768976
3683.png,0.16488429329585363
3685.png,0.20172198422018464
3687.png,0.17669292392751831
3689.png,0.12349149535901431
3691.png,0.1252655261119441
3693.png,0.1697984643565362
3695.png,0.16452198749736766
3697.png,0.13365129472797385
3699.png,0.1430772918528493
3701.png,0.10849539449036703
3703.png,0.10003068135917381
3705.png,0.09596543829222583
3707.png,0.08381606289274181
3709.png,0.08121832840484604
3711.png,0.15251206236694329
3713.png,0.23829554643105819
3715.png,0.2189659198981899
3717.png,0.17524655232371145
3719.png,0.12886352860113395
3721.png,0.11032693095730543
3723.png,0.07532398964043058
3725.png,0.03088165323792429
3727.png,0.013525219533537894
3729.png,0.12362873209390209
3731.png,0.17951867862831605
3733.png,0.08380462506551224
3735.png,0.0767435786865276
3737.png,0.10986858300838608
3739.png,0.12324589389057201
3741.png,0.10281732644468954
3743.png,0.06907199808567895
3745.png,0.061541213719745885
3747.png,0.03849462484028616
3749.png,0.04551943009415158
3751.png,0.07301014782759506
3753.png,0.1244214379846154
3755.png,0.2054261881132622
3757.png,0.17172322481935878
3759.png,0.10378550261280817
3761.png,0.09606066683935412
3763.png,0.15608233326013646
3765.png,0.15665347414988862
3767.png,0.14317399607028758
3769.png,0.19085035339304537
3771.png,0.17513526186449235
3773.png,0.11796201005612111
3775.png,0.05116865903150467
3777.png,0.03108909145001379
3779.png,0.05454052294295297
3781.png,0.12341997293962788
3783.png,0.16285411108975195
3785.png,0.1435504177856597
3787.png,0.11835033925533796
3789.png,0.1424464375845608
3791.png,0.2048532744603692
3793.png,0.20233724284030785
3795.png,0.17571378505182855
3797.png,0.13947290184084768
3799.png,0.08330058679641679
3801.png,0.0780885765971786
3803.png,0.10622555597033918
3805.png,0.0964984217730059
3807.png,0.1379335794000789
3809.png,0.1500960616816734
3811.png,0.183272326689616
3813.png,0.18357162126291296
3815.png,0.10893287368412975
3817.png,0.15080704989630697
3819.png,0.20562421183651924
3821.png,0.23643158508958498
3823.png,0.2636468762610425
3825.png,0.21421651225798888
3827.png,0.18727527453340942
3829.png,0.15423400307931123
3831.png,0.062112713943298044
3833.png,0.12467199898109678
3835.png,0.1593866905780164
3837.png,0.2012704945674051
3839.png,0.23998661958742504
3841.png,0.13192165973639608
3843.png,0.09125681952587804
3845.png,0.08118685454445429
3847.png,0.08235321357951343
3849.png,0.09039149488047021
3851.png,0.05006110127613031
3853.png,0.047539052924663074
3855.png,0.12079418369834631
3857.png,0.1723486256887681
3859.png,0.1536195302105667
3861.png,0.12184372624081774
3863.png,0.08971435603275035
3865.png,0.07882272709334602
3867.png,0.09684592322814696
3869.png,0.07708551773613766
3871.png,0.09166731046450159
3873.png,0.19254074032708013
3875.png,0.17834035236174528
3877.png,0.11228421555139835
3879.png,0.1810978012819363
3881.png,0.29371688622697434
3883.png,0.26008701112026716
3885.png,0.14568199394860115
3887.png,0.23513285129837938
3889.png,0.29563749104596754
3891.png,0.23753409673723105
3893.png,0.32369207041115405
3895.png,0.2981235788817235
3897.png,0.13969306938532416
3899.png,0.1204333855217808
3901.png,0.13254548206945635
3903.png,0.1422910602391441
3905.png,0.15715890581411382
3907.png,0.16662262944712322
3909.png,0.16345268179421316
3911.png,0.15669525560221634
3913.png,0.13239913171854797
3915.png,0.09673333018629805
3917.png,0.1009943778303234
3919.png,0.22417432549883817
3921.png,0.26681829155580833
3923.png,0.13278769423927408
3925.png,0.1581411749798905
3927.png,0.16928781869275208
3929.png,0.21413474381719308
3931.png,0.35474095444134296
3933.png,0.31522479885237553
3935.png,0.251006902037121
3937.png,0.1979374366594874
3939.png,0.1093967483306435
3941.png,0.1086175243346064
3943.png,0.20241105888579183
3945.png,0.2149561356646945
3947.png,0.1263668838853018
3949.png,0.11661735686045142
3951.png,0.15106401513808718
3953.png,0.11940699230728463
3955.png,0.06078110129832528
3957.png,0.08641087343692545
3959.png,0.17372074501514354
3961.png,0.2602650813817975
3963.png,0.2533298082669575
3965.png,0.2205979707347022
3967.png,0.21806938557183297
3969.png,0.17772353062482527
3971.png,0.18002612017741415
3973.png,0.20299682724194593
3975.png,0.14741501198118548
3977.png,0.13622562830946713
3979.png,0.17581328334179802
3981.png,0.140913336084178
3983.png,0.1205800618085235
3985.png,0.11013084386298953
3987.png,0.12052487990760104
3989.png,0.1267478020207858
3991.png,0.07075763373629171
3993.png,0.04747245172346933
3995.png,0.04329576743869414
3997.png,0.02885867292095694
3999.png,0.031593495390181615
4001.png,0.03274214682690461
4003.png,0.0150264778502274
4005.png,0.032959848172093034
4007.png,0.09790401145041801
4009.png,0.1868987331265238
4011.png,0.20100192061642894
4013.png,0.16644246654901265
4015.png,0.1568278861615173
4017.png,0.13451409977585446
4019.png,0.09404090259442845
4021.png,0.07101513516230751
4023.png,0.06381548964753204
4025.png,0.042236168016243116
4027.png,0.19110073648533824
4029.png,0.24992904109306335
4031.png,0.15884227940621373
4033.png,0.13131267044008568
4035.png,0.09718708019475403
4037.png,0.08490094814373471
4039.png,0.06708164355381797
4041.png,0.06378427095288856
4043.png,0.08821365468063229
4045.png,0.09374273148628826
4047.png,0.07858914990376349
4049.png,0.08706116464121777
4051.png,0.09210996755753502
4053.png,0.13881896578204148
4055.png,0.15309082018975254
4057.png,0.15984497980158802
4059.png,0.16374162838154788
4061.png,0.185643065324405
4063.png,0.174804511037462
4065.png,0.1522567590465125
4067.png,0.18408500719037243
4069.png,0.14290163274595
4071.png,0.11035279550813583
4073.png,0.12163094056534414
4075.png,0.14214369281426945
4077.png,0.11626915260916242
4079.png,0.07558720186275004
4081.png,0.07362544909093695
4083.png,0.07888843243312142
4085.png,0.0960790370073295
4087.png,0.115284487743059
4089.png,0.17299787704775038
4091.png,0.20808886986517008
4093.png,0.18931091660109853
4095.png,0.1663059719199859
4097.png,0.09340476326379253
4099.png,0.07257754289767167
4101.png,0.09208968756483997
4103.png,0.10847780018345182
4105.png,0.13630950917567033
4107.png,0.10343507832873268
4109.png,0.13730751526550583
4111.png,0.17896172835494453
4113.png,0.11172989775427634
4115.png,0.05207038987738705
4117.png,0.06514281326387596
4119.png,0.07228936352284175
4121.png,0.04699921143701149
4123.png,0.060858801943230824
4125.png,0.05657540106679601
4127.png,0.11898677558172277
4129.png,0.16423039555704766
4131.png,0.11290058881096099
4133.png,0.11772272119936693
4135.png,0.12035817944346977
4137.png,0.09669618157326877
4139.png,0.12810966818789538
4141.png,0.13566138992461854
4143.png,0.08729100608081715
4145.png,0.12567888823897008
4147.png,0.17605839877575755
4149.png,0.12175035049269632
4151.png,0.09555951611780467
4153.png,0.07759634285447777
4155.png,0.08211617721626419
4157.png,0.12108485583964072
4159.png,0.19130207659305162
4161.png,0.2142863002469176
4163.png,0.11575579049852265
4165.png,0.07978878779598991
4167.png,0.12203358565234118
4169.png,0.1680482442328101
4171.png,0.1766998954994402
4173.png,0.1161090042734451
4175.png,0.05340095299960193
4177.png,0.03294924419284201
4179.png,0.026354828091662234
4181.png,0.036885799587501746
4183.png,0.038098267505809184
4185.png,0.09571306011419974
4187.png,0.15143888560050553
4189.png,0.10514184747177302
4191.png,0.14057598607089097
4193.png,0.24256244664836582
4195.png,0.21414715669369913
4197.png,0.11936277977895805
4199.png,0.09478213541134219
4201.png,0.09064268164311519
4203.png,0.08184191656600986
4205.png,0.0801527055518215
4207.png,0.0644657774076324
4209.png,0.07829924096019601
4211.png,0.0780586754923116
4213.png,0.07068947224633726
4215.png,0.09349796264971903
4217.png,0.08635232999790247
4219.png,0.057687352199913826
4221.png,0.1018672022884295
4223.png,0.1107875635198489
4225.png,0.08181286309234746
4227.png,0.11404359491027871
4229.png,0.0887368577887862
4231.png,0.13033816110906496
4233.png,0.1884066756957686
4235.png,0.12756394334613996
4237.png,0.06413300993700725
4239.png,0.06364399910853931
4241.png,0.06710131456748186
4243.png,0.043549998320789894
4245.png,0.06434748651837363
4247.png,0.060642341786391336
4249.png,0.05204243932582161
4251.png,0.049716260820353075
4253.png,0.09734586457899012
4255.png,0.13696278575556406
4257.png,0.07553670660819252
4259.png,0.13487421383846343
4261.png,0.25935860114093795
4263.png,0.19996943928896113
4265.png,0.12000177567402098
4267.png,0.14104471029572874
4269.png,0.14890755852637413
4271.png,0.13911847320059179
4273.png,0.08947227124326503
4275.png,0.04473847763059228
4277.png,0.09814539755820462
4279.png,0.1276864167896881
4281.png,0.0708132836544836
4283.png,0.031549040338209065
4285.png,0.06535718997263602
4287.png,0.08644141392556724
4289.png,0.04351102668095925
4291.png,0.09443061399972869
4293.png,0.11061059302262606
4295.png,0.07235676419791952
4297.png,0.06709957618533689
4299.png,0.05716806691229046
4301.png,0.10373656465391216
4303.png,0.15271763011409142
4305.png,0.12303540070716967
4307.png,0.052544293792262386
4309.png,0.05211544404964136
4311.png,0.08866482847445699
4313.png,0.07529495738782312
4315.png,0.06078900051725511
4317.png,0.09425077223980623
4319.png,0.12168245641458098
4321.png,0.09437189459160983
4323.png,0.04982457255110481
4325.png,0.0671218669076275
4327.png,0.07708458968862926
4329.png,0.07771381112888466
4331.png,0.10676640561208132
4333.png,0.08210200726484258
4335.png,0.06640872143041752
4337.png,0.07114298569603648
4339.png,0.043061867736921965
4341.png,0.04442039206893778
4343.png,0.052817829202517964
4345.png,0.10675710944695772
4347.png,0.134062413567846
4349.png,0.09587639212427701
4351.png,0.06816714696525918
4353.png,0.03260303124765349
4355.png,0.10351761500033996
4357.png,0.18837194416255834
4359.png,0.14604590675344425
4361.png,0.15572168625431046
4363.png,0.14327325235278002
4365.png,0.1006883649191776
4367.png,0.12704231236250924
4369.png,0.09569424769570999
4371.png,0.05381612233417086
4373.png,0.0635912223891975
4375.png,0.09177561201110683
4377.png,0.08480985122407542
4379.png,0.06474935770857684
4381.png,0.09412948956366492
4383.png,0.1191736465370526
4385.png,0.08682365734298593
4387.png,0.044198516353284506
4389.png,0.0242099445522047
4391.png,0.030514367552605465
4393.png,0.038859937549302025
4395.png,0.03085970078430871
4397.png,0.05212599455324243
4399.png,0.1400123128262077
4401.png,0.14749642714748493
4403.png,0.08006608818931611
4405.png,0.11875177658254314
4407.png,0.16679648967800673
4409.png,0.11293851306775583
4411.png,0.07701417214585464
4413.png,0.06500228298012785
4415.png,0.03554277987878971
4417.png,0.0742498336040359
4419.png,0.11787560326534445
4421.png,0.14319239223227873
4423.png,0.12016926346297384
4425.png,0.06785682965674437
4427.png,0.07000806556595175
4429.png,0.09145010139032468
4431.png,0.07678008348737907
4433.png,0.08773515276940246
4435.png,0.16300606447071356
4437.png,0.2239974131769952
4439.png,0.22040481337530796
4441.png,0.1394993396885639
4443.png,0.08357390123233016
4445.png,0.05708911615982588
4447.png,0.05338051099205985
4449.png,0.08059854533481915
4451.png,0.11711929896211726
4453.png,0.11359266244284343
4455.png,0.10640231785811323
4457.png,0.09160314588956477
4459.png,0.08795606871185181
4461.png,0.16635809269129395
4463.png,0.17354667990266995
4465.png,0.11458398669580522
4467.png,0.1322954305993845
4469.png,0.16943008730766937
4471.png,0.15610721054990345
4473.png,0.09763910869614699
4475.png,0.07985216430858245
4477.png,0.09018750630165295
4479.png,0.08822303684997938
4481.png,0.07223779040889065
4483.png,0.05311063640917709
4485.png,0.0817258232620205
4487.png,0.09300628879953904
4489.png,0.09767684780653803
4491.png,0.08344323831497454
4493.png,0.039501426092282944
4495.png,0.11217268006967039
4497.png,0.14118729286547013
4499.png,0.10982336705146728
4501.png,0.1371053626312762
4503.png,0.1067555553440898
4505.png,0.07272595934485886
4507.png,0.04552500298839638
4509.png,0.02406421202742996
4511.png,0.02393049526818572
4513.png,0.07414680521888195
4515.png,0.10248117828105108
4517.png,0.13823663173031212
4519.png,0.19289152482453784
4521.png,0.19986959351203107
4523.png,0.20129709625608808
4525.png,0.18047056325398245
4527.png,0.20341681681779475
4529.png,0.2504069382704213
4531.png,0.23703442595922
4533.png,0.21087168681132476
4535.png,0.17254430975353607
4537.png,0.11964877504718262
4539.png,0.07951055403753104
4541.png,0.09447800843650755
4543.png,0.12329637417771631
4545.png,0.19519234501513574
4547.png,0.20625069506695778
4549.png,0.0980845632411735
4551.png,0.0731730143976773
4553.png,0.10088788405897102
4555.png,0.08881814052940033
4557.png,0.059057689028583014
4559.png,0.044280344228811365
4561.png,0.041595051555457126
4563.png,0.04187746672783371
4565.png,0.04758673270197067
4567.png,0.11778442349583355
4569.png,0.14147719670186584
4571.png,0.0817701242991624
4573.png,0.060478909069575766
4575.png,0.09424241326063136
4577.png,0.09726942228545497
4579.png,0.0926749081984816
4581.png,0.1619874676590382
4583.png,0.16313183276273205
4585.png,0.10947757452202302
4587.png,0.08961426918530614
4589.png,0.12950419661013332
4591.png,0.13580945639679176
4593.png,0.05953086584432035
4595.png,0.025834031550828283
4597.png,0.02129808321553586
4599.png,0.06765445033695335
4601.png,0.0787237065864471
4603.png,0.041410703305829466
4605.png,0.06582143533376482
4607.png,0.0739137704277953
4609.png,0.1161869412529773
4611.png,0.19767861385704097
4613.png,0.16371833887219764
4615.png,0.08114350456833948
4617.png,0.07373664733052286
4619.png,0.12034766692678141
4621.png,0.15837347116324638
4623.png,0.1300442106401037
4625.png,0.0765323998820487
4627.png,0.05400592791675537
4629.png,0.07302462792277005
4631.png,0.13361958078503497
4633.png,0.14574292935252153
4635.png,0.08835225049346672
4637.png,0.0679301283009846
4639.png,0.0669804326775338
4641.png,0.0639985787233599
4643.png,0.10278769540657222
4645.png,0.0981212207273298
4647.png,0.07824676313650784
4649.png,0.09927773667260069
4651.png,0.0915781948893734
4653.png,0.0663041292438728
4655.png,0.0557031844658925
4657.png,0.15454260970497374
4659.png,0.1901305465742755
4661.png,0.0987295334155297
4663.png,0.13195253079516808
4665.png,0.14316014048252873
4667.png,0.07211689538192208
4669.png,0.24837329759839988
4671.png,0.34112123076996476
4673.png,0.21047515314446974
4675.png,0.18808910959835543
4677.png,0.3116367830630001
4679.png,0.31435601409262603
4681.png,0.13419727110527016
4683.png,0.08066976152745235
4685.png,0.05742107607552521
4687.png,0.024663470983932772
4689.png,0.01431341913853429
4691.png,0.006070262682154197
4693.png,0.011169991432532432
4695.png,0.01868953834437818
4697.png,0.030845852876582026
4699.png,0.06987532052228124
4701.png,0.09035966238322941
4703.png,0.07683308320225306
4705.png,0.07448639189859568
4707.png,0.07900115670647996
4709.png,0.05459679262716494
4711.png,0.024745059106511914
4713.png,0.023682020263129804
4715.png,0.03052426987431257
4717.png,0.024040260262511822
4719.png,0.03482421810543291
4721.png,0.0441069415049942
4723.png,0.024701405882411234
4725.png,0.011722650412328678
4727.png,0.022116981923532994
4729.png,0.029821861694240698
4731.png,0.017007091446049998
4733.png,0.009826478048605333
4735.png,0.008112463933541545
4737.png,0.05622761039098572
4739.png,0.08806403258827152
4741.png,0.05121176596113977
4743.png,0.042297947218447686
4745.png,0.05233399290522923
4747.png,0.09485060255951677
4749.png,0.10254623088978058
4751.png,0.07615830531962153
4753.png,0.06892030737879352
4755.png,0.08375608317415738
4757.png,0.1197932342435281
4759.png,0.12470401756450067
4761.png,0.08633350744838357
4763.png,0.04164428504803059
4765.png,0.031096038901137865
4767.png,0.05142771810568949
4769.png,0.08157644540163399
4771.png,0.08744726369808949
4773.png,0.0697618761494121
4775.png,0.0800066516245193
4777.png,0.11371675383530677
4779.png,0.10374156717288036
4781.png,0.10726522268132216
4783.png,0.13177055240099908
4785.png,0.1350410187258498
4787.png,0.1003903391961977
4789.png,0.045288371828851565
4791.png,0.04379290155243789
4793.png,0.0671808092517055
4795.png,0.0643904521638286
4797.png,0.0406707052000407
4799.png,0.03181822572675156
4801.png,0.09242094423879117
4803.png,0.11273807325796592
4805.png,0.08564530325875118
4807.png,0.0643889084887022
4809.png,0.037679375474039496
4811.png,0.0568571082467449
4813.png,0.051991930577973904
4815.png,0.0233482067696983
4817.png,0.031185699665305804
4819.png,0.05012646629206263
4821.png,0.046795759147378845
4823.png,0.03569760042626755
4825.png,0.03843905360565942
4827.png,0.03519758940096151
4829.png,0.02474970893431187
4831.png,0.08311531649734732
4833.png,0.10182976925689695
4835.png,0.05666113681451715
4837.png,0.11553099763676933
4839.png,0.12016048410629367
4841.png,0.11358738609186518
4843.png,0.13824934733586744
4845.png,0.07923429905599101
4847.png,0.035009593017318964
4849.png,0.05055133013176225
4851.png,0.058797970855392685
4853.png,0.0507339724878992
4855.png,0.04480918253397027
4857.png,0.0832738532951642
4859.png,0.16240701921552977
4861.png,0.14742788953175331
4863.png,0.08417078573700514
4865.png,0.06685827703673548
4867.png,0.15988350421653488
4869.png,0.19219973604038787
4871.png,0.10720643871411822
4873.png,0.0615012599308793
4875.png,0.06818512299920133
4877.png,0.06841943299361404
4879.png,0.03278985395394541
4881.png,0.019035922237114006
4883.png,0.04296654769045637
4885.png,0.06318815154586406
4887.png,0.03888305923778699
4889.png,0.01590485457910886
4891.png,0.03553821505551132
4893.png,0.06312749406180311
4895.png,0.09489169425593987
4897.png,0.139020645641046
4899.png,0.12864420116701294
4901.png,0.08864313463621194
4903.png,0.058097839066561206
4905.png,0.06069245366062587
4907.png,0.12588888217278935
4909.png,0.18379283881607522
4911.png,0.21500683140894725
4913.png,0.22725216651009505
4915.png,0.18077045051272375
4917.png,0.12693247486490564
4919.png,0.11441611594404962
4921.png,0.10391548059531774
4923.png,0.20593593694153334
4925.png,0.23523135624787175
4927.png,0.11045419596122685
4929.png,0.07565925451612131
4931.png,0.06532345275910577
4933.png,0.09185467763354999
4935.png,0.11620703870591392
4937.png,0.11683342037776068
4939.png,0.11463956593864148
4941.png,0.0783241480072107
4943.png,0.053878556174694336
4945.png,0.035748430584092515
4947.png,0.033086757194406305
4949.png,0.0754674173333269
4951.png,0.13953638894485174
4953.png,0.16850361500556846
4955.png,0.12574451259234073
4957.png,0.07706601616892057
4959.png,0.06545554373712287
4961.png,0.05260814072043016
4963.png,0.03772081402888002
4965.png,0.13111409844772712
4967.png,0.16689601764684478
4969.png,0.06770690294804026
4971.png,0.047287523581590385
4973.png,0.07055652881132433
4975.png,0.1037052819942993
4977.png,0.16151656540948686
4979.png,0.14063466264214292
4981.png,0.09243416326213601
4983.png,0.12050022776580094
4985.png,0.10189542309494888
4987.png,0.09530530852924475
4989.png,0.11075824493451476
4991.png,0.09128279982104419
4993.png,0.06597840971613762
4995.png,0.03821102032848474
4997.png,0.02717245577040071
4999.png,0.04902811044872717
5001.png,0.05353832221294743
5003.png,0.09024749269300135
5005.png,0.10163691156097066
5007.png,0.03987297471774222
5009.png,0.05805363338494498
5011.png,0.07469525008169874
5013.png,0.07254937852014455
5015.png,0.07446284158226302
5017.png,0.05107660819489574
5019.png,0.02876643726196158
5021.png,0.12556579982726526
5023.png,0.19583177657752812
5025.png,0.14243252109100277
5027.png,0.09766767391102128
5029.png,0.07325093893056646
5031.png,0.05401775389196319
5033.png,0.021904817811008396
5035.png,0.026614915123451433
5037.png,0.041844143069740346
5039.png,0.04885597977272541
5041.png,0.03933952712592767
5043.png,0.046396380169779955
5045.png,0.04881657531810824
5047.png,0.09799729927862023
5049.png,0.12143917595176008
5051.png,0.12889265091825886
5053.png,0.1627275689496244
5055.png,0.1055987858210552
5057.png,0.114434656655939
5059.png,0.1148337762078151
5061.png,0.0469189419945662
5063.png,0.034846039211810766
5065.png,0.06180661969584262
5067.png,0.08888691929711907
5069.png,0.09078502743685905
5071.png,0.07642210801192341
5073.png,0.05270675186398363
5075.png,0.05812448818346768
5077.png,0.07231768654075234
5079.png,0.08166965490012355
5081.png,0.13424351445644758
5083.png,0.1287505539980519
5085.png,0.0851286695310469
5087.png,0.0609645355793832
5089.png,0.04704882255206497
5091.png,0.10010414090755905
5093.png,0.11168124863506461
5095.png,0.055546856676542404
5097.png,0.046389932807950035
5099.png,0.11148929939557044
5101.png,0.16550490374660798
5103.png,0.12974381236664553
5105.png,0.10536536255953077
5107.png,0.0971461697733315
5109.png,0.10245663720090892
5111.png,0.09557618216580717
5113.png,0.06518626963399039
5115.png,0.1008367911156753
5117.png,0.09903761434643597
5119.png,0.13146302435328272
5121.png,0.1505610233662185
5123.png,0.07158089238298126
5125.png,0.056884511048238086
5127.png,0.08967017837187996
5129.png,0.10561723662025842
5131.png,0.131011201781058
5133.png,0.25459154905280257
5135.png,0.30203424712486
5137.png,0.24520467327855336
5139.png,0.1694615933856113
5141.png,0.10454062135884307
5143.png,0.1423573957942232
5145.png,0.14594536082818457
5147.png,0.08059122597798486
5149.png,0.10389980735257191
5151.png,0.15272315363710098
5153.png,0.15069715354384636
5155.png,0.11623698364874276
5157.png,0.08806589954820125
5159.png,0.11854705699194419
5161.png,0.1320906993015241
5163.png,0.14352849510853924
5165.png,0.1338575097837231
5167.png,0.16195215493169696
5169.png,0.14399837647784838
5171.png,0.20034081098076065
5173.png,0.29302134234586147
5175.png,0.18602508511436902
5177.png,0.09969709881906018
5179.png,0.06689522686522636
5181.png,0.10681172053986594
5183.png,0.16917961452064845
5185.png,0.16659767797807168
5187.png,0.13877734499248964
5189.png,0.182430018839151
5191.png,0.1855700951009692
5193.png,0.0879790753106177
5195.png,0.08185482236179707
5197.png,0.12254294823419049
5199.png,0.11375167989337105
5201.png,0.08636971322564164
5203.png,0.06787464066633869
5205.png,0.12035599241418733
5207.png,0.1354163993224935
5209.png,0.16043329723429137
5211.png,0.26668919287705234
5213.png,0.22661766298143005
5215.png,0.15081918202349853
5217.png,0.1623064874361267
5219.png,0.14441235359345242
5221.png,0.11290072896690621
5223.png,0.07964465476940553
5225.png,0.04114613212767731
5227.png,0.051797748531313366
5229.png,0.05618029490954729
5231.png,0.128795176846607
5233.png,0.2407901188078269
5235.png,0.2966836459220364
5237.png,0.274787994450361
5239.png,0.16405347808401796
5241.png,0.09760323439770606
5243.png,0.14095439356146142
5245.png,0.19316139930346896
5247.png,0.13254022053893003
5249.png,0.09602924417854379
5251.png,0.12696229163607303
5253.png,0.18640751224027854
5255.png,0.1633365924781123
5257.png,0.06674420856355158
5259.png,0.04352640368182962
5261.png,0.03250468897369008
5263.png,0.03178852921574146
5265.png,0.029237102513011357
5267.png,0.04310549726734425
5269.png,0.0924966655858684
5271.png,0.09658625052002827
5273.png,0.07361213887939105
5275.png,0.05885108196142395
5277.png,0.034804482040812816
5279.png,0.04707970719470254
5281.png,0.04611108379954648
5283.png,0.027504508143148625
5285.png,0.028277127923396473
5287.png,0.06654360235791312
5289.png,0.0799991168613596
5291.png,0.075127876567687
5293.png,0.08506654923751798
5295.png,0.08684733005230572
5297.png,0.09147425821047671
5299.png,0.07834437267853697
5301.png,0.09990752166136725
5303.png,0.08867285169040039
5305.png,0.040712687346255994
5307.png,0.05604170361257793
5309.png,0.06314116687111454
5311.png,0.060156548298174774
5313.png,0.18552084325975002
5315.png,0.24651467819752235
5317.png,0.14802815150798007
5319.png,0.09819876570364054
5321.png,0.10310198174205161
5323.png,0.1003353167119514
5325.png,0.0694645258219007
5327.png,0.1026919312338353
5329.png,0.15016629222566288
5331.png,0.13053735734202593
5333.png,0.13579065978917187
5335.png,0.10542039999247489
5337.png,0.051055181639495434
5339.png,0.038588415166438544
5341.png,0.038930179329614116
5343.png,0.05053947051429094
5345.png,0.044568038624403644
5347.png,0.06878059763606312
5349.png,0.14317704127528905
5351.png,0.12306821267240124
5353.png,0.15144544440982366
5355.png,0.1770422966893435
5357.png,0.16858225023136933
5359.png,0.2066867664634731
5361.png,0.14557882324455665
5363.png,0.08427082101702188
5365.png,0.06198497646450826
5367.png,0.10711230265895466
5369.png,0.1401711650285454
5371.png,0.10161216880193458
5373.png,0.0813633735819363
5375.png,0.09415641959652972
5377.png,0.0975422827275119
5379.png,0.06517127670750089
5381.png,0.0356358449671171
5383.png,0.0500920101921923
5385.png,0.052032254136971844
5387.png,0.042144663465477385
5389.png,0.04168822734967113
5391.png,0.031628632692546406
5393.png,0.05787771994804367
5395.png,0.07910948513261153
5397.png,0.06322074025310297
5399.png,0.05803644935103655
5401.png,0.049202094160226945
5403.png,0.04160143631455231
5405.png,0.06423811679998014
5407.png,0.07611933869096628
5409.png,0.08235644970328605
5411.png,0.10869556060761543
5413.png,0.08975295210490732
5415.png,0.06349464521510767
5417.png,0.0566357803119665
5419.png,0.06214329105362113
5421.png,0.06645955290809208
5423.png,0.057513369732151154
5425.png,0.06392464244135539
5427.png,0.12325451342188089
5429.png,0.13561196316587512
5431.png,0.07596815026239413
5433.png,0.06970696034178421
5435.png,0.11518821826294157
5437.png,0.14657896495764483
5439.png,0.09095925347061627
5441.png,0.10785004426142132
5443.png,0.18021002388364918
5445.png,0.18120560538890243
5447.png,0.20012511972626804
5449.png,0.1836164913708659
5451.png,0.12611957464399245
5453.png,0.07683156310280925
5455.png,0.03448582462556082
5457.png,0.03189405433696807
5459.png,0.043399872903566526
5461.png,0.03622709298284218
5463.png,0.043856441011532694
5465.png,0.04919908536159479
5467.png,0.04255263496664987
5469.png,0.03972866630960776
5471.png,0.03245430521305822
5473.png,0.04195157093185984
5475.png,0.07877090334024295
5477.png,0.12126408437598502
5479.png,0.13306851658459753
5481.png,0.09208596985617028
5483.png,0.07943164968185536
5485.png,0.07924572267033295
5487.png,0.07802603108319188
5489.png,0.13017460857044505
5491.png,0.10271989729408039
5493.png,0.07402432892522416
5495.png,0.08934600960480239
5497.png,0.09096922083453028
5499.png,0.088615715847266
5501.png,0.057080129896883235
5503.png,0.02584642817254991
5505.png,0.018015145302402034
5507.png,0.07933255129078591
5509.png,0.10960835663152917
5511.png,0.10372827350322796
5513.png,0.13201944331071241
5515.png,0.10540480100360665
5517.png,0.08402602104096657
5519.png,0.06475320368259825
5521.png,0.029475230423111617
5523.png,0.041354946691956405
5525.png,0.07567470517395807
5527.png,0.10274707028150183
5529.png,0.13234230958382162
5531.png,0.11419568610840326
5533.png,0.12237873185890673
5535.png,0.13105074029570735
5537.png,0.09098674385549595
5539.png,0.09953792402744945
5541.png,0.11148539437055804
5543.png,0.12972027147213688
5545.png,0.21948547192547077
5547.png,0.31137027683567126
5549.png,0.2888545968224973
5551.png,0.16864592261083822
5553.png,0.10017668845576673
5555.png,0.0800784100420694
5557.png,0.0575168766272538
5559.png,0.09119399513444874
5561.png,0.08356418171075171
5563.png,0.07471088471858757
5565.png,0.06916437286585252
5567.png,0.033092681280274074
5569.png,0.05434148571110392
5571.png,0.06190342207324707
5573.png,0.05943908024851546
5575.png,0.07922923144043835
5577.png,0.06247192418853884
5579.png,0.07259901731802501
5581.png,0.12898468265796192
5583.png,0.11590924375542165
5585.png,0.06357304714881101
5587.png,0.043712023522333
5589.png,0.029835719574118832
5591.png,0.015539948814817609
5593.png,0.022663777068657406
5595.png,0.06043809569392027
5597.png,0.09924885602962115
5599.png,0.08274378618323515
5601.png,0.09642234938251874
5603.png,0.13817951744433213
5605.png,0.1534376861838366
5607.png,0.12098723992499594
5609.png,0.14477015090416828
5611.png,0.16868569388134924
5613.png,0.08639604742044753
5615.png,0.14229121603805003
5617.png,0.1678077534610635
5619.png,0.11066092031778911
5621.png,0.11307683910787775
5623.png,0.13182404248535853
5625.png,0.14529665181577278
5627.png,0.19876656555314884
5629.png,0.2701244970930286
5631.png,0.21438080637894297
5633.png,0.11755264863120919
5635.png,0.08643987506544389
5637.png,0.09606963803342906
5639.png,0.17540234959778492
5641.png,0.1932867811343978
5643.png,0.17512335284623537
5645.png,0.1746060911286971
5647.png,0.15069903643492527
5649.png,0.15188247035464864
5651.png,0.17820282303797277
5653.png,0.2777345330301492
5655.png,0.2781850844881127
5657.png,0.16195496793459482
5659.png,0.09998774859928627
5661.png,0.06718078987010166
5663.png,0.04635136197410635
5665.png,0.07669501625962588
5667.png,0.10838887798609838
5669.png,0.11552969849050872
5671.png,0.11530187390228386
5673.png,0.09528970109747605
5675.png,0.07778167770083332
5677.png,0.061710892396753265
5679.png,0.0943750963120279
5681.png,0.09679743105988094
5683.png,0.047354396645212744
5685.png,0.039952135405270414
5687.png,0.07556867436280784
5689.png,0.13523500109947698
5691.png,0.16803798723630434
5693.png,0.12111582666523696
5695.png,0.07606166962496912
5697.png,0.15138309817748755
5699.png,0.168755043285547
5701.png,0.12746135517539522
5703.png,0.11729408179581809
5705.png,0.16088650913655972
5707.png,0.18874148955484302
5709.png,0.10730167199208523
5711.png,0.06791283834509278
5713.png,0.08610128826079173
5715.png,0.07158884974379472
5717.png,0.09903317382620151
5719.png,0.11856783079003748
5721.png,0.1041279183390917
5723.png,0.0787866273791651
5725.png,0.10279450782540966
5727.png,0.1325209123174466
5729.png,0.15498496533367753
5731.png,0.240700488093607
5733.png,0.21785889228288077
5735.png,0.1499790463517233
5737.png,0.11607472064329927
5739.png,0.09406912645443856
5741.png,0.10078946110521612
5743.png,0.1790834056235514
5745.png,0.27204009847168
5747.png,0.19892905855368861
5749.png,0.09789740579141933
5751.png,0.11539663966103975
5753.png,0.14672555226618902
5755.png,0.1115013044692902
5757.png,0.0642975426090369
5759.png,0.057270522129953205
5761.png,0.0709531974336903
5763.png,0.10441325593462918
5765.png,0.11321078733759234
5767.png,0.11017657732353313
5769.png,0.12863905451491708
5771.png,0.14195235974853312
5773.png,0.10076652270974405
5775.png,0.11090181702515045
5777.png,0.12523526179837038
5779.png,0.07776267405366513
5781.png,0.05512818305365114
5783.png,0.035808161467882876
5785.png,0.07287784622628582
5787.png,0.12060750261452158
5789.png,0.09107092328537286
5791.png,0.062250576069516485
5793.png,0.04393121199494019
5795.png,0.048412519102909196
5797.png,0.13357598165857062
5799.png,0.13115399398799496
5801.png,0.052345256237174925
5803.png,0.06792200074526528
5805.png,0.07646037295769599
5807.png,0.07632119839493079
5809.png,0.0755461090475441
5811.png,0.046140652437015366
5813.png,0.042981178905898955
5815.png,0.03733082781113999
5817.png,0.06557452279619973
5819.png,0.0692851790894819
5821.png,0.04380243227249223
5823.png,0.057799388817170706
5825.png,0.09433231415060472
5827.png,0.13108000378379328
5829.png,0.09826294219516746
5831.png,0.07030592883137539
5833.png,0.055614904271257155
5835.png,0.08773882524228499
5837.png,0.12383027320456637
5839.png,0.08284349348926585
5841.png,0.060242174753824984
5843.png,0.10746246408730087
5845.png,0.11452478735416906
5847.png,0.06514114081452212
5849.png,0.10800075635178193
5851.png,0.14146344398413532
5853.png,0.1387584806646057
5855.png,0.10397570770366815
5857.png,0.171720189365691
5859.png,0.24873584426540332
5861.png,0.1847515153126524
5863.png,0.1609220868096287
5865.png,0.12713506787172732
5867.png,0.0938700535865352
5869.png,0.08090661297148216
5871.png,0.09916049930753228
5873.png,0.13839432826738196
5875.png,0.16012445168727185
5877.png,0.16972767835535454
5879.png,0.174707018751826
5881.png,0.15898623347909122
5883.png,0.1708258217594056
5885.png,0.18572012504011481
5887.png,0.13012507117480063
5889.png,0.07524631894856694
5891.png,0.03842415280550714
5893.png,0.02107312093148625
5895.png,0.013050962024165483
5897.png,0.07624434113775132
5899.png,0.12216865082672711
5901.png,0.184418883787564
5903.png,0.18861451889639813
5905.png,0.10638182658475544
5907.png,0.1318824814376629
5909.png,0.157913622810357
5911.png,0.1291039577967303
5913.png,0.13145918123743192
5915.png,0.14581841883666397
5917.png,0.11920132954122979
5919.png,0.07136109098941866
5921.png,0.05901318136652565
5923.png,0.08927651277449478
5925.png,0.07069844680119469
5927.png,0.07447248424784643
5929.png,0.12082341719235414
5931.png,0.11041078603454903
5933.png,0.057487430294978846
5935.png,0.028060893299059114
5937.png,0.051510257259632465
5939.png,0.07901754155279042
5941.png,0.06562687928319254
5943.png,0.03383542544983418
5945.png,0.012567590049257159
5947.png,0.005483140412337321
5949.png,0.002752071265935607
5951.png,0.0019377755686838022
5953.png,0.001715261659467301
5955.png,0.0015144662645563336
5957.png,0.0014870386863410114
5959.png,0.001765229314388804
5961.png,0.0018176226236578013
5963.png,0.001467447124505367
5965.png,0.0011843941103325223
5967.png,0.0011069180109734408
5969.png,0.0010520742107746205
